81|24142993|3 397 010 249|Bosch|"""Bosch "| 3 397 010 249 |" Zestaw piór wycieraczek 500/450, szt"""|https://www.czesciauto24.pl/bosch/7312571|28,97
82|24144037|3 397 011 402|Bosch|"""Bosch "| 3 397 011 402 |" Rama piór wycieraczek bosch eco 650 mm (26""""), szt"""|https://www.czesciauto24.pl/bosch/1194140|23,72
1|10224213|C1W027ABE|Abe|"""Abe "| C1W027ABE |" Klocki hamulcowe, zestaw, szt"""|https://www.czesciauto24.pl/abe/3327591|115,15
2|18993906|6112393|Alkar|"""Alkar "| 6112393 |" Lusterko zewnętrzne wsteczne, szt"""|https://www.czesciauto24.pl/alkar/2954218|154,27
41|23620277|0 986 494 036|Bosch|"""Bosch "| 0 986 494 036 |" Klocki hamulcowe tarczowe, komplet, szt"""|https://www.czesciauto24.pl/bosch/1167684|201,95
83|24144535|3 397 011 668|Bosch|"""Bosch "| 3 397 011 668 |" Rama pióra wycieraczki tył bosch tył 350 mm (14""""), szt"""|product is out of stock|0
84|24159367|3 397 013 049|Bosch|"""Bosch "| 3 397 013 049 |" Pióro wycieraczki bezramowe tylne bosch aerotwin 330 mm (13""""), szt"""|https://www.czesciauto24.pl/bosch/7616371|30,21
85|24160994|3 397 118 908|Bosch|"""Bosch "| 3 397 118 908 |" Zestaw bezramowych wycieraczek Bosch Aerotwin 600/450, szt"""|https://www.czesciauto24.pl/bosch/1194311|91,89
3|1126374|10-ECO037|Ashika|"""Ashika "| 10-ECO037 |" Filtr oleju, szt"""|product is out of stock|0
86|24161159|3 397 118 936|Bosch|"""Bosch "| 3 397 118 936 |" Zestaw bezramowych wycieraczek Bosch Aerotwin 600/475, szt"""|https://www.czesciauto24.pl/bosch/1194330|87,55
4|12254305|20-07-715|Ashika|"""Ashika "| 20-07-715 |" Filtr powietrza, szt"""|https://www.czesciauto24.pl/ashika/8244496|29,24
5|12835362|GOM-608|Ashika|"""Ashika "| GOM-608 |" Tuleja stabilizatora  przedniego, szt"""|https://www.czesciauto24.pl/ashika/8150781|16,82
87|24161175|3 397 118 938|Bosch|"""Bosch "| 3 397 118 938 |" Zestaw bezramowych wycieraczek Bosch Aerotwin 600/600, szt"""|https://www.czesciauto24.pl/bosch/1194332|93,27
6|63479837|GOM-K135|Ashika|"""Ashika "| GOM-K135 |" Łożysko, szt"""|https://www.czesciauto24.pl/ashika/12901867|129,64
7|22493045|13.0460-5819.2|Ate|"""Ate "| 13.0460-5819.2 |" Klocki hamulcowe, zestaw, szt"""|https://www.czesciauto24.pl/ate/955970|109,97
42|23620308|0 986 494 039|Bosch|"""Bosch "| 0 986 494 039 |" Klocki hamulcowe tarczowe, komplet, szt"""|https://www.czesciauto24.pl/bosch/1167686|98,24
43|23620343|0 986 494 043|Bosch|"""Bosch "| 0 986 494 043 |" Klocki hamulcowe tarczowe, komplet, szt"""|https://www.czesciauto24.pl/bosch/1167690|111,97
44|23620363|0 986 494 046|Bosch|"""Bosch "| 0 986 494 046 |" Klocki hamulcowe tarczowe, komplet, szt"""|https://www.czesciauto24.pl/bosch/1167692|105,83
45|23620719|0 986 494 090|Bosch|"""Bosch "| 0 986 494 090 |" Klocki hamulcowe tarczowe, komplet, szt"""|https://www.czesciauto24.pl/bosch/1167727|94,31
46|23620839|0 986 494 104|Bosch|"""Bosch "| 0 986 494 104 |" Klocki hamulcowe tarczowe, komplet, szt"""|https://www.czesciauto24.pl/bosch/1167738|181,87
88|24161244|3 397 118 951|Bosch|"""Bosch "| 3 397 118 951 |" Zestaw bezramowych wycieraczek Bosch Aerotwin 650/475, szt"""|https://www.czesciauto24.pl/bosch/1194340|100,45
89|24161361|3 397 118 966|Bosch|"""Bosch "| 3 397 118 966 |" Zestaw bezramowych wycieraczek Bosch Aerotwin 600/530, szt"""|https://www.czesciauto24.pl/bosch/1194350|95,90
90|24161457|3 397 118 984|Bosch|"""Bosch "| 3 397 118 984 |" Zestaw bezramowych wycieraczek Bosch Aerotwin 550/400, szt"""|https://www.czesciauto24.pl/bosch/1194363|83,48
8|14190147|D4196|Autofren|"""Autofren "| D4196 |" Zestaw naprawczy suportu hamulcowego, szt"""|https://www.czesciauto24.pl/autofren-seinsa/7645387|22,96
91|254336|F 026 407 024|Bosch|"""Bosch "| F 026 407 024 |" Filtr oleju, szt"""|https://www.czesciauto24.pl/bosch/755400|33,31
92|27001100|0 092 S40 020|Bosch|"""Bosch "| 0 092 S40 020 |" Akumulator Bosch S4 002 12V 52AH 470A(EN) R+, szt"""|https://www.czesciauto24.pl/bosch/1145159|370,59
47|23620921|0 986 494 115|Bosch|"""Bosch "| 0 986 494 115 |" Klocki hamulcowe tarczowe, komplet, szt"""|https://www.czesciauto24.pl/bosch/1167747|91,27
48|23641001|0 986 494 187|Bosch|"""Bosch "| 0 986 494 187 |" Klocki hamulcowe tarczowe, komplet, szt"""|https://www.czesciauto24.pl/bosch/1167807|160,76
49|23643766|0 986 494 422|Bosch|"""Bosch "| 0 986 494 422 |" Klocki hamulcowe tarczowe, komplet, szt"""|https://www.czesciauto24.pl/bosch/7009165|129,91
93|27001707|0 092 T30 770|Bosch|"""Bosch "| 0 092 T30 770 |" Akumulator Bosch T3 077 12V 155AH 900A(EN) L+, szt"""|product is out of stock|0
94|27029357|0 986 424 457|Bosch|"""Bosch "| 0 986 424 457 |" Klocki hamulcowe tarczowe, komplet, szt"""|https://www.czesciauto24.pl/bosch/1161738|123,43
9|14229419|D4612|Autofren|"""Autofren "| D4612 |" Zestaw naprawczy suportu hamulcowego, szt"""|https://www.czesciauto24.pl/autofren-seinsa/10982984|45,94
10|10647148|6502-07-6814911P|Blic|"""Blic "| 6502-07-6814911P |" Kratka przedniego zderzaka, szt"""|https://www.czesciauto24.pl/blic/7609646|23,79
11|10816989|6102-02-1292513P|Blic|"""Blic "| 6102-02-1292513P |" Szyba lusterka zewnętrznego, szt"""|https://www.czesciauto24.pl/blic/7609339|36,07
50|23667316|0 986 494 432|Bosch|"""Bosch "| 0 986 494 432 |" Klocki hamulcowe tarczowe, komplet, szt"""|https://www.czesciauto24.pl/bosch/7010305|159,51
95|27029487|0 986 424 484|Bosch|"""Bosch "| 0 986 424 484 |" Klocki hamulcowe tarczowe, komplet, szt"""|https://www.czesciauto24.pl/bosch/1161762|103,35
12|268717|6103-01-1311226P|Blic|"""Blic "| 6103-01-1311226P |" Osłona lusterka bocznego, szt"""|https://www.czesciauto24.pl/blic/7609355|36,21
13|8978213|258-038|Bosal|"""Bosal "| 258-038 |" Nakrętka mocująca części układu wydechowego, szt"""|https://www.czesciauto24.pl/bosal/1337005|1,44
14|8979046|258-830|Bosal|"""Bosal "| 258-830 |" Śruba, szt"""|https://www.czesciauto24.pl/bosal/1337089|1,57
96|27051336|0 986 424 767|Bosch|"""Bosch "| 0 986 424 767 |" Klocki hamulcowe tarczowe, komplet, szt"""|https://www.czesciauto24.pl/bosch/1161968|138,19
97|27051487|0 986 424 797|Bosch|"""Bosch "| 0 986 424 797 |" Klocki hamulcowe tarczowe, komplet, szt"""|https://www.czesciauto24.pl/bosch/1161995|119,36
51|23668292|0 986 494 528|Bosch|"""Bosch "| 0 986 494 528 |" Klocki hamulcowe tarczowe, komplet, szt"""|https://www.czesciauto24.pl/bosch/7428640|68,99
15|10705482|0 242 240 506|Bosch|"""Bosch "| 0 242 240 506 |" Świeca zapłonowa Bosch Standard Super WSR6F, szt"""|https://www.czesciauto24.pl/bosch/7428593|12,06
52|23942199|1 457 429 118|Bosch|"""Bosch "| 1 457 429 118 |" Filtr oleju, szt"""|https://www.czesciauto24.pl/bosch/1186395|36,90
53|23942335|1 457 429 185|Bosch|"""Bosch "| 1 457 429 185 |" Filtr oleju, szt"""|https://www.czesciauto24.pl/bosch/1186439|32,35
98|27051490|0 986 424 798|Bosch|"""Bosch "| 0 986 424 798 |" Klocki hamulcowe tarczowe, komplet, szt"""|https://www.czesciauto24.pl/bosch/1161996|111,63
99|27051580|0 986 424 817|Bosch|"""Bosch "| 0 986 424 817 |" Klocki hamulcowe tarczowe, komplet, szt"""|https://www.czesciauto24.pl/bosch/1162012|86,37
100|27080275|0 242 232 514|Bosch|"""Bosch "| 0 242 232 514 |" Świeca zapłonowa Bosch Super 4 HR78NX, szt"""|https://www.czesciauto24.pl/bosch/1148133|36,14
16|10752186|1 987 301 406|Bosch|"""Bosch "| 1 987 301 406 |" Żarówka halogenowa Bosch Pure Light H7 12V 55W (2 szt.), szt"""|https://www.czesciauto24.pl/bosch/7982174|32,00
101|27088316|0 451 103 259|Bosch|"""Bosch "| 0 451 103 259 |" Filtr oleju, szt"""|product is out of stock|0
17|10768542|0 241 135 515|Bosch|"""Bosch "| 0 241 135 515 |" Świeca zapłonowa Bosch Standard Super Y7LER02, szt"""|https://www.czesciauto24.pl/bosch/7282735|48,36
54|23942362|1 457 429 193|Bosch|"""Bosch "| 1 457 429 193 |" Filtr oleju, szt"""|no such item|0
102|27088327|0 451 103 261|Bosch|"""Bosch "| 0 451 103 261 |" Filtr oleju, szt"""|https://www.czesciauto24.pl/bosch/1156036|21,03
55|23942368|1 457 429 194|Bosch|"""Bosch "| 1 457 429 194 |" Filtr oleju, szt"""|https://www.czesciauto24.pl/bosch/1186443|22,34
56|23942398|1 457 429 199|Bosch|"""Bosch "| 1 457 429 199 |" Filtr oleju, szt"""|https://www.czesciauto24.pl/bosch/1186447|27,59
103|27088401|0 451 103 290|Bosch|"""Bosch "| 0 451 103 290 |" Filtr oleju, szt"""|https://www.czesciauto24.pl/bosch/1156055|36,90
18|11105665|0 986 494 538|Bosch|"""Bosch "| 0 986 494 538 |" Klocki hamulcowe tarczowe, komplet, szt"""|https://www.czesciauto24.pl/bosch/7625061|167,45
19|11524113|F 026 407 095|Bosch|"""Bosch "| F 026 407 095 |" Filtr oleju, szt"""|https://www.czesciauto24.pl/bosch/7005540|54,01
57|23964364|1 457 429 239|Bosch|"""Bosch "| 1 457 429 239 |" Filtr oleju, szt"""|https://www.czesciauto24.pl/bosch/1186455|32,97
20|1293483|0 986 479 088|Bosch|"""Bosch "| 0 986 479 088 |" Tarcza  hamulcowa, szt"""|https://www.czesciauto24.pl/bosch/1165939|111,35
21|1353772|1 457 429 248|Bosch|"""Bosch "| 1 457 429 248 |" Filtr oleju, szt"""|https://www.czesciauto24.pl/bosch/1186459|25,72
104|27088630|0 451 203 012|Bosch|"""Bosch "| 0 451 203 012 |" Filtr oleju, szt"""|https://www.czesciauto24.pl/bosch/1156162|25,10
22|1353813|1 457 429 252|Bosch|"""Bosch "| 1 457 429 252 |" Filtr oleju, szt"""|product is out of stock|0
105|27088642|0 451 203 087|Bosch|"""Bosch "| 0 451 203 087 |" Filtr oleju, szt"""|https://www.czesciauto24.pl/bosch/1156165|35,73
58|23991559|1 987 302 236|Bosch|"""Bosch "| 1 987 302 236 |" Żarowe BAX 12V 2W, szt"""|product is out of stock|0
59|23991622|1 987 302 243|Bosch|"""Bosch "| 1 987 302 243 |" Żarowe BAX 12V 1,12W, szt"""|https://www.czesciauto24.pl/bosch/1187666|6,27
106|27093140|0 250 202 142|Bosch|"""Bosch "| 0 250 202 142 |" Świeca żarowa, szt"""|https://www.czesciauto24.pl/bosch/672199|46,42
107|27096591|0 986 460 968|Bosch|"""Bosch "| 0 986 460 968 |" Klocki hamulcowe tarczowe, komplet, szt"""|https://www.czesciauto24.pl/bosch/1163492|66,02
108|27096739|0 986 461 119|Bosch|"""Bosch "| 0 986 461 119 |" Klocki hamulcowe tarczowe, komplet, szt"""|https://www.czesciauto24.pl/bosch/1163527|63,67
23|1353822|1 457 429 256|Bosch|"""Bosch "| 1 457 429 256 |" Filtr oleju, szt"""|https://www.czesciauto24.pl/bosch/1186463|30,62
109|27112825|0 986 424 379|Bosch|"""Bosch "| 0 986 424 379 |" Klocki hamulcowe tarczowe, komplet, szt"""|https://www.czesciauto24.pl/bosch/1161708|59,40
60|23995118|1 457 437 003|Bosch|"""Bosch "| 1 457 437 003 |" Filtr oleju, szt"""|product is out of stock|0
61|24071214|3 397 004 558|Bosch|"""Bosch "| 3 397 004 558 |" Rama pióra wycieraczki tył bosch tył 380 mm (15""""), szt"""|https://www.czesciauto24.pl/bosch/730928|37,59
24|1353994|1 457 429 278|Bosch|"""Bosch "| 1 457 429 278 |" Filtr oleju, szt"""|https://www.czesciauto24.pl/bosch/1186482|28,69
110|27343220|0 986 494 595|Bosch|"""Bosch "| 0 986 494 595 |" Klocki hamulcowe tarczowe, komplet, szt"""|product is out of stock|0
25|1354094|1 457 429 619|Bosch|"""Bosch "| 1 457 429 619 |" Filtr oleju, szt"""|product is out of stock|0
62|24071454|3 397 004 595|Bosch|"""Bosch "| 3 397 004 595 |" Rama pióra wycieraczki tył bosch tył 280 mm (11""""), szt"""|product is out of stock|0
26|184870|2 430 102 398|Bosch|"""Bosch "| 2 430 102 398 |" Podkładka(pierścień uszczelniający), szt"""|https://www.czesciauto24.pl/bosch/733378|7,92
111|27343575|0 986 494 643|Bosch|"""Bosch "| 0 986 494 643 |" Klocki hamulcowe tarczowe, komplet, szt"""|https://www.czesciauto24.pl/bosch/7884175|114,04
27|1923829|0 986 452 028|Bosch|"""Bosch "| 0 986 452 028 |" Filtr oleju, szt"""|https://www.czesciauto24.pl/bosch/1163412|16,06
63|24071717|3 397 004 672|Bosch|"""Bosch "| 3 397 004 672 |" Rama piór wycieraczek bosch eco 550 mm (22""""), szt"""|https://www.czesciauto24.pl/bosch/1193595|32,83
28|1923879|0 986 452 041|Bosch|"""Bosch "| 0 986 452 041 |" Filtr oleju, szt"""|https://www.czesciauto24.pl/bosch/1163417|19,58
64|24071730|3 397 004 673|Bosch|"""Bosch "| 3 397 004 673 |" Rama piór wycieraczek bosch eco 600 mm (24""""), szt"""|https://www.czesciauto24.pl/bosch/1193596|36,83
29|1923905|0 986 452 044|Bosch|"""Bosch "| 0 986 452 044 |" Filtr oleju, szt"""|https://www.czesciauto24.pl/bosch/1163419|23,45
30|1984086|0 450 906 508|Bosch|"""Bosch "| 0 450 906 508 |" Filtr paliwa, szt"""|https://www.czesciauto24.pl/bosch/695574|82,37
112|27348121|0 986 494 607|Bosch|"""Bosch "| 0 986 494 607 |" Klocki hamulcowe tarczowe, komplet, szt"""|https://www.czesciauto24.pl/bosch/7886191|110,66
31|1984413|0 451 103 111|Bosch|"""Bosch "| 0 451 103 111 |" Filtr oleju, szt"""|https://www.czesciauto24.pl/bosch/1155975|19,03
65|24093178|3 397 004 990|Bosch|"""Bosch "| 3 397 004 990 |" Rama pióra wycieraczki tył bosch tył 310 mm (12""""), szt"""|https://www.czesciauto24.pl/bosch/748362|27,24
113|27351185|0 986 494 597|Bosch|"""Bosch "| 0 986 494 597 |" Klocki hamulcowe tarczowe, komplet, szt"""|https://www.czesciauto24.pl/bosch/7883906|74,16
114|27356018|0 986 494 668|Bosch|"""Bosch "| 0 986 494 668 |" Klocki hamulcowe tarczowe, komplet, szt"""|https://www.czesciauto24.pl/bosch/7882712|130,12
66|24094712|3 397 006 946|Bosch|"""Bosch "| 3 397 006 946 |" Pióro wycieraczki bezramowe bosch aerotwin plus 480 mm (19""""), szt"""|https://www.czesciauto24.pl/bosch/7627375|49,32
67|24095007|3 397 007 072|Bosch|"""Bosch "| 3 397 007 072 |" Zestaw bezramowych wycieraczek Bosch Aerotwin 600/475, szt"""|https://www.czesciauto24.pl/bosch/1193735|101,83
68|24095203|3 397 007 120|Bosch|"""Bosch "| 3 397 007 120 |" Zestaw bezramowych wycieraczek Bosch Aerotwin 750/650, szt"""|https://www.czesciauto24.pl/bosch/1193755|105,83
69|24095285|3 397 007 215|Bosch|"""Bosch "| 3 397 007 215 |" Zestaw bezramowych wycieraczek Bosch Aerotwin 650/600, szt"""|https://www.czesciauto24.pl/bosch/1193767|98,45
32|1984707|0 451 103 252|Bosch|"""Bosch "| 0 451 103 252 |" Filtr oleju, szt"""|product is out of stock|0
33|1984798|0 451 103 300|Bosch|"""Bosch "| 0 451 103 300 |" Filtr oleju, szt"""|https://www.czesciauto24.pl/bosch/1156062|17,72
115|27361390|0 986 494 600|Bosch|"""Bosch "| 0 986 494 600 |" Klocki hamulcowe tarczowe, komplet, szt"""|product is out of stock|0
116|27362292|0 986 494 660|Bosch|"""Bosch "| 0 986 494 660 |" Klocki hamulcowe tarczowe, komplet, szt"""|https://www.czesciauto24.pl/bosch/7886432|149,23
70|24095466|3 397 007 297|Bosch|"""Bosch "| 3 397 007 297 |" Zestaw bezramowych wycieraczek Bosch Aerotwin 600/500, szt"""|https://www.czesciauto24.pl/bosch/1193784|94,72
71|24121437|3 397 007 462|Bosch|"""Bosch "| 3 397 007 462 |" Zestaw szczotek do wycieraczek Bosch Aerotwin Multi-Clip 600/475, szt"""|https://www.czesciauto24.pl/bosch/1193816|81,68
72|24121451|3 397 007 467|Bosch|"""Bosch "| 3 397 007 467 |" Zestaw szczotek do wycieraczek Bosch Aerotwin Multi-Clip 650/475, szt"""|https://www.czesciauto24.pl/bosch/1193818|97,21
73|24121688|3 397 007 586|Bosch|"""Bosch "| 3 397 007 586 |" Zestaw bezramowych wycieraczek Bosch Aerotwin 680/515, szt"""|https://www.czesciauto24.pl/bosch/1193846|105,49
34|1984877|0 451 103 313|Bosch|"""Bosch "| 0 451 103 313 |" Filtr oleju, szt"""|https://www.czesciauto24.pl/bosch/1156069|41,59
117|6510929|F 026 407 002|Bosch|"""Bosch "| F 026 407 002 |" Filtr oleju, szt"""|no such item|0
74|24121797|3 397 007 696|Bosch|"""Bosch "| 3 397 007 696 |" Zestaw bezramowych wycieraczek Bosch Aerotwin 550/450, szt"""|https://www.czesciauto24.pl/bosch/7015328|93,00
75|24121975|3 397 008 004|Bosch|"""Bosch "| 3 397 008 004 |" Pióro wycieraczki bezramowe tylne bosch aerotwin rear 330 mm (13""""), szt"""|https://www.czesciauto24.pl/bosch/750673|42,70
76|24121989|3 397 008 006|Bosch|"""Bosch "| 3 397 008 006 |" Pióro wycieraczki bezramowe tylne bosch aerotwin rear 330 mm (13""""), szt"""|https://www.czesciauto24.pl/bosch/1193859|33,18
121|9630714|1 457 437 002|Bosch|"""Bosch "| 1 457 437 002 |" Filtr oleju, szt"""|https://www.czesciauto24.pl/bosch/7003864|27,17
77|24122582|3 397 008 536|Bosch|"""Bosch "| 3 397 008 536 |" Bezramowe pióro wycieraczki bosch aerotwin 530 mm (21""""), szt"""|product is out of stock|0
118|6511156|F 026 407 072|Bosch|"""Bosch "| F 026 407 072 |" Filtr oleju, szt"""|product is out of stock|0
78|24122588|3 397 008 537|Bosch|"""Bosch "| 3 397 008 537 |" Bezramowe pióro wycieraczki bosch aerotwin 550 mm (22""""), szt"""|https://www.czesciauto24.pl/bosch/1193928|49,80
122|61603690|1574|BOSMA|"""BOSMA "| 1574 |" Żarówka P21/5W 12V 21/5W, szt"""|no such item|0
79|24123305|3 397 008 939|Bosch|"""Bosch "| 3 397 008 939 |" Bezramowe pióro wycieraczki bosch aerotwin 650 mm (26""""), szt"""|https://www.czesciauto24.pl/bosch/7429688|52,84
119|6511320|F 026 407 092|Bosch|"""Bosch "| F 026 407 092 |" Filtr oleju, szt"""|product is out of stock|0
80|24123386|3 397 009 051|Bosch|"""Bosch "| 3 397 009 051 |" Zestaw bezramowych wycieraczek Bosch Aerotwin 530/530, szt"""|https://www.czesciauto24.pl/bosch/1194009|80,37
120|7237335|F 006 B20 099|Bosch|"""Bosch "| F 006 B20 099 |" Silnik elektryczny, szt"""|https://www.czesciauto24.pl/bosch/766312|263,01
161|6228248|14.875.206|CS Germany|"""CS Germany "| 14.875.206 |" Sprężyna zawieszenia przód, szt"""|https://www.czesciauto24.pl/cs-germany/8981361|120,46
162|6228391|14.875.220|CS Germany|"""CS Germany "| 14.875.220 |" Sprężyna zawieszenia przód, szt"""|product is out of stock|0
123|61603703|1949|BOSMA|"""BOSMA "| 1949 |" Żarówka W5W 12V 5W, szt"""|no such item|0
124|27835996|24922 00 704 00|Breck|"""Breck "| 24922 00 704 00 |" Klocki hamulcowe, zestaw, szt"""|https://www.czesciauto24.pl/breck/9367011|124,81
163|6229140|14.877.008|CS Germany|"""CS Germany "| 14.877.008 |" Sprężyna zawieszenia przód, szt"""|https://www.czesciauto24.pl/cs-germany/8981678|139,23
164|6230418|14.950.673|CS Germany|"""CS Germany "| 14.950.673 |" Sprężyna zawieszenia tylna, szt"""|https://www.czesciauto24.pl/cs-germany/8982014|152,75
201|16802695|26274|Febi|"""Febi "| 26274 |" Pompa spryskiwacza reflektorów, szt"""|https://www.czesciauto24.pl/febi-bilstein/1882882|81,54
202|17034196|21718|Febi|"""Febi "| 21718 |" Pasek rozrządu, szt"""|product is out of stock|0
165|6230461|14.950.678|CS Germany|"""CS Germany "| 14.950.678 |" Sprężyna zawieszenia przód, szt"""|https://www.czesciauto24.pl/cs-germany/8982019|84,86
125|27954672|24660 00 701 00|Breck|"""Breck "| 24660 00 701 00 |" Klocki hamulcowe, zestaw, szt"""|product is out of stock|0
203|17073015|24366|Febi|"""Febi "| 24366 |" Łożysko przedniej piasty koła, komplet, szt"""|https://www.czesciauto24.pl/febi-bilstein/7107682|65,74
204|18139760|13447|Febi|"""Febi "| 13447 |" Świeca zapłonowa, szt"""|https://www.czesciauto24.pl/febi-bilstein/1873961|7,85
126|15797540|P 06 041|Brembo|"""Brembo "| P 06 041 |" Klocki hamulcowe, zestaw, szt"""|https://www.czesciauto24.pl/brembo/1660848|204,23
205|18301731|28282|Febi|"""Febi "| 28282 |" Tuleja stabilizatora  przedniego, szt"""|https://www.czesciauto24.pl/febi-bilstein/1884725|17,31
166|6230503|14.950.681|CS Germany|"""CS Germany "| 14.950.681 |" Sprężyna zawieszenia przód, szt"""|https://www.czesciauto24.pl/cs-germany/8982022|124,60
206|54598531|2886|Febi|"""Febi "| 02886 |" Część samochodowa, szt"""|no such item|0
127|15973371|P 68 047|Brembo|"""Brembo "| P 68 047 |" Klocki hamulcowe, zestaw, szt"""|https://www.czesciauto24.pl/brembo/1661702|116,67
128|41353315|15667C|Castrol|"""Castrol "| 15667C |" Olej silnikowy Castrol EDGE LL Titanium FST 5W-30, 1 l, szt"""|product is out of stock|0
